{
  "chain_results": [
    {
      "num_samples": 377,
      "burn_in_samples": 113,
      "d_ij": null,
      "rho_s": [
        1.0,
        0.014099890635281942,
        0.007309457446162626,
        0.004767799021922037,
        0.0021009989181162148,
        0.0014050537045521283,
        -0.0006013083988427592,
        0.00014293634574702452,
        -0.0009881351915097536,
        0.00037745109639164554,
        0.0005074197948590209,
        -0.00028849909791550665,
        -0.00030315452490059513,
        0.00037567759311751825,
        -0.000016195122018780594,
        -0.0009853723318089536,
        -0.0008135278442780169,
        0.0004266517882792753,
        0.0004296488214505789,
        -0.0007438575052458596,
        -0.0011324221451116667,
        0.0003144783053725675,
        0.00031525027377021786,
        0.00041724380933994,
        0.0010754339650016487,
        0.000490678018751578,
        -0.00018408219354126842,
        0.0008188653453322647,
        -0.0009684206366278314,
        -0.0002129577563427798,
        0.00023953321239178482,
        0.0008759192183684927,
        0.00033210295872876383,
        -0.0003078425443086008,
        -0.0002762525141892791,
        -0.0009025913774245442,
        -0.0013099364198851937,
        -0.0007033761936048322,
        -0.0005310341284685549,
        -0.0008224480439713577,
        -0.0002622311307571845,
        0.0007246391258253215,
        -0.0007820028766973852,
        -0.0020324742426338638,
        -0.0002103813955436351,
        -0.0005395297859969173,
        -0.00003314217296113142,
        -0.0012441496543471597,
        -0.0002415740281296319,
        -0.0008224145992727916,
        -0.0011387024246949373,
        -0.0009797279756993404,
        -0.0012280940216067293,
        -0.0016533566313983172,
        -0.000613737417482163,
        -0.0005920846404667834,
        0.00014692212778988356,
        0.00031440125316650747,
        -0.0001550772808311951,
        -0.0010007442399662114,
        -0.0006214616049367017,
        -0.00035417065541509807,
        -0.0017794394924408596,
        -0.0002932132107809071,
        -0.0006016718008368116,
        -0.0005792523037857489,
        0.00012838008864202166,
        -0.00024042561388348815,
        -0.0003357594017381338,
        0.00003696646235906709,
        -7.305282653469192e-6,
        -0.00024491751197142086,
        -0.00020818186990356757,
        -0.00008715850707363693,
        9.126133719616902e-6,
        -0.0001318451535656795,
        0.001624152200052964,
        0.00046292275107595593,
        -0.00039065932555493177,
        -0.00013886215906877553,
        0.0009097981985792813,
        0.00007491410115167962,
        -0.0007603967658935673,
        0.0009263250374325072,
        -0.000995450468517678,
        0.0010729557856762328,
        -0.001004189021735602,
        0.0017952057054065884,
        0.001948221896982516,
        0.002287538227763841,
        0.0021167235665466855,
        0.00018850308002782423,
        0.0013249283484111363,
        0.0007993419091064657,
        0.00001315571615123634,
        0.000873954470050009,
        0.00022542420831028753,
        0.0012583811157759195,
        0.00041991323263712577,
        0.0008244648887242301,
        -0.00016067094538474436,
        0.000971344474101743,
        0.0005947321609204304,
        0.00009618600989369508,
        -0.0007994979737186991,
        0.0007170193673950997,
        0.00019254690919578987,
        0.001502974504949628,
        0.00032749788976105254,
        0.0004465913091101781,
        -0.0009213639692573494,
        -0.0017898182116167227,
        -0.0009126733386322083,
        -0.001122988747463749,
        -0.0002818261428887414,
        -0.0009995666596920305,
        0.0002065866684114459,
        -0.0019461522675563447,
        -0.00040454023308500453,
        -0.0005001589463782263,
        -0.0003522309177648175,
        -0.0013781293665064975,
        -0.0009473296820214916,
        -0.001471891614458265,
        0.0001647537375160102,
        -0.0007122126767218351,
        -0.0011222387668681222,
        0.00010410260992732567,
        0.0016428586500035758,
        -0.00002750616180513532,
        0.0007784523050647918,
        -0.0016268384654491985,
        0.000019580417675801876,
        -0.0021006260282845357,
        -0.0023168795489789673,
        -0.0018208701272814931,
        -0.0012830104232310902,
        -0.0004907945382082168,
        0.0006349571076205152,
        -0.0008359561350581579,
        0.0009229998274996598,
        0.0011934406690194965,
        0.0014349800379787059,
        -0.002234196744623551,
        -0.0008557977510770254,
        -0.00292593608507552,
        0.0005044020802653648,
        -0.0009379353758609543,
        0.0008913628011200103,
        0.0005275240482275345,
        0.0006322435226964185,
        -0.0003446622445815173,
        0.0008783451777787388,
        -0.001498817820968501,
        -0.0022493420494105187,
        -0.0013525457951433228,
        -0.000918062170098155,
        -0.00014148508721123498,
        -0.0006404419325898303,
        0.00004631470730254161,
        -0.0003347812847338538,
        -0.0005148095031208832,
        -0.00016674073561628866,
        0.00023785572995527193,
        -0.001582371113872716,
        -0.001587031384799209,
        -0.0012346457987606474,
        -0.0019321004144379206,
        0.0011276586233232022,
        -0.00021013816221016057,
        -0.0019719380289688893,
        0.0004641587202525166,
        -0.0013147221449103519,
        -0.00015213091981514104,
        -8.467572674586421e-6,
        -0.00028463463832539837,
        -0.0013132214432838296,
        -0.0009857312866985435,
        -0.004322847081623449,
        -0.00211850999031582,
        -0.0005010161586307404,
        -0.0019404118090786682,
        0.00019653292023602553,
        -0.002635785540912483,
        0.0022908269057901887,
        0.0021464873575718357,
        0.0006729117055566114,
        -0.00021168020958528544,
        0.0015713583438772272,
        -0.000042774739508422144,
        0.0005328916006024365,
        0.0013919921079370567,
        -0.0021723765197034783,
        0.002223586993588489,
        -0.0010629426328279123,
        -0.0014523230399774434,
        -0.0044516118733428645,
        0.001259703151516911,
        -0.00010975724307726864,
        0.0025818203272161,
        0.0012550396754826831,
        -0.001774580073644838,
        0.0015475614691725648,
        -0.0032485621846560786,
        0.0030561539153505235,
        0.002858599004457618,
        0.0003629918129843812,
        0.0006129313967965233,
        0.001168847393080652,
        0.004249792299392485,
        0.0013101566109701146,
        0.00010610954481082846,
        -0.0007297054147967774,
        0.0007122120526611431,
        -0.0015725229566669885,
        -0.001250476137677703,
        0.0001722097065239847,
        -0.0033178500792838683,
        0.0020046967254582215,
        -0.002738887822648195,
        -0.0022612573570879313,
        -0.0004472847754015685,
        -0.0008700695556425053,
        -0.0030188905729959803,
        -0.0003094603140831875,
        -0.002188370921410554,
        0.00043084670146054105,
        -0.0035800352344532715,
        -0.001811761949380708,
        -0.0027546038496155667,
        -0.003187542286927636,
        0.00012231964201880885,
        -0.0022478252559636758,
        -0.004173629793534417,
        -0.001349816145920224,
        -0.0031213007870998233,
        -0.0005851162409027388,
        -0.008216940036710252,
        -0.0026672414594530736,
        -0.00032824460497682395,
        0.0019772032278204676,
        -0.003666023901234272,
        -0.002267122844491043,
        0.0003332399320273849,
        0.0025608728274817416,
        0.003962018688429603,
        0.0010386673983141526,
        -0.000021934856565763994,
        -0.002854347407704072,
