{
  "chain_results": [
    {
      "num_samples": 531,
      "burn_in_samples": 159,
      "d_ij": null,
      "rho_s": [
        1.0,
        0.01581563596134472,
        0.007958410379372949,
        0.00513372653080213,
        0.002931619537910768,
        0.0016942433978370808,
        0.0026724857383454426,
        0.001983311150361655,
        0.0013292476904693817,
        0.0015461659752133983,
        0.0009812630096206476,
        0.0020478551282816504,
        -0.0005339142230138538,
        -0.00018109686507150613,
        -0.0007722370593639116,
        -0.0006356987895852484,
        0.000043677423859800335,
        0.0006503729081721588,
        -0.00007365851389740108,
        -0.00040459425445327213,
        -0.0014550529204417906,
        0.0005446150931313065,
        0.0003026110653363556,
        0.00008292943866128333,
        -0.0006239050984868655,
        -0.0012263353237877972,
        -0.00013337843473903988,
        -0.0006975315269677207,
        -0.001338833325158273,
        -0.0008524414540562741,
        -0.0017844136514280073,
        -0.0004221199892449068,
        -0.00006882440504529796,
        -0.00006952856433173338,
        -0.000500116886886115,
        -0.000629253816089026,
        -0.00011810720087801485,
        -0.0013496089737334849,
        -0.0008136059125687378,
        -0.0008863855750975702,
        -0.0016510053845975037,
        -0.0013295340529253519,
        0.00011879765564171141,
        -0.00004333911086096265,
        -0.00022851848880556247,
        -0.0006425619074306166,
        -0.0004365891970774527,
        0.00020574736015033235,
        -0.0009312912773693505,
        0.00015305746684823873,
        0.0016099532926995286,
        -0.00022726923679772248,
        0.00036174533893174043,
        0.0002575179553184759,
        0.00016751240668222422,
        0.0007860891292761352,
        -0.0007057904781286872,
        0.00075011511738865,
        -0.00020891280434098825,
        0.000031597568830754597,
        -0.0003720292483002652,
        0.0003171545203296544,
        0.00016070599248019235,
        0.00011357926635080506,
        0.0003877860823766621,
        -0.0000736720467944263,
        -0.00047408983804220206,
        -0.0003027164120137371,
        0.0004421909105353228,
        0.0008810226363942242,
        0.0005734129747946293,
        0.0008836062627374242,
        -0.000019894201030989933,
        -0.0003728321724860706,
        -0.00030576028369733166,
        0.0003917620214238804,
        -0.00032882237414844084,
        -0.00011138477549987869,
        0.0022663186082945153,
        0.0002387262989604899,
        0.0008386843133005861,
        -0.0008627585851255226,
        0.0014537440986706063,
        0.0009907720899146044,
        0.00016536074806661194,
        -0.00010189190463449904,
        -0.0006354759005777755,
        -0.0007000880434049339,
        -0.00003868192029754525,
        0.0001752141636840454,
        -0.0009254207792033231,
        -0.0012192523555216717,
        -0.0003931336558167242,
        -0.00020838214478535733,
        0.00038908578483676237,
        -0.001210661755566278,
        0.0007313458583546595,
        -0.0005205275299502432,
        0.0007955664322543132,
        -0.00009340515410460881,
        0.0006072424688698952,
        -0.0005087280972422281,
        -0.0010308868030903806,
        0.00012153538915549156,
        0.0002970652461841139,
        0.0003078522793074079,
        -0.0011035580423763847,
        -0.0009054611954282255,
        0.00033310157222410375,
        0.00020337752232746364,
        -0.00023016008464282756,
        0.0004739036790710749,
        -0.000846234015522418,
        -0.00040429058591562317,
        0.0006222346902718945,
        0.000015893596574168,
        0.0005842615590890832,
        -0.0000385572162011627,
        -0.000011425830147571148,
        -0.00022640817064512042,
        -0.0001603042068873961,
        -0.0003981506744252794,
        -0.000574478779736598,
        0.0005396697737675149,
        0.0010642689661279903,
        -0.00006958802153200772,
        -0.0010642136360405896,
        0.000970824433896067,
        -0.0005421198200401545,
        0.00022708180332053907,
        -0.0005055186773894604,
        0.000812200996572976,
        -0.002590212165098027,
        0.0002712343686719354,
        -0.00027220850571607613,
        -0.0013427614704304425,
        -0.0021970358234151277,
        0.00008266807946777366,
        0.00038721701245592044,
        -0.00020343229195463053,
        -0.001038698737865884,
        0.000567255692484947,
        0.0005164902972437657,
        -0.0004507709817322958,
        0.00005721825985771645,
        0.0009677960028421362,
        -0.0011078714833498982,
        -0.0009311630957453687,
        -0.0008702789594663418,
        -0.0014092936711636028,
        0.0003092951363355967,
        0.00017692998801122073,
        0.0008576812698373182,
        0.0006158135525505815,
        -0.0004208436167489893,
        -0.0005443191418113003,
        -0.0012958900767119363,
        -0.0009812732040228589,
        0.0007754222683137302,
        -0.0002929878235191641,
        -0.0007942312472095647,
        -0.0017196823961205254,
        -0.002056512291233492,
        0.0003576593262851757,
        0.00035686738069418134,
        -0.0003346098076004722,
        -0.00009554034969960767,
        -0.0013224857799563061,
        0.00008480822287271206,
        -0.0018127210558194218,
        0.00028311538382241874,
        0.0006703848965771142,
        0.0009339105989329965,
        0.0006846941041099841,
        0.0016356836023283527,
        -0.00011370194939619438,
        0.00042954104818582195,
        -0.00080442303059991,
        0.0003526784642446934,
        -0.00033771984807473565,
        0.000599168737525968,
        0.00036562343375867723,
        -0.0008111323270458826,
        -0.0004565406235250702,
        0.0008102594653103257,
        -0.0009608524407709318,
        -0.0005939140251138841,
        0.001351428429464785,
        0.000792561478214937,
        -0.0006044077783591284,
        0.0017026382633655857,
        -0.0007211712862680297,
        -0.0010210592651993533,
        0.000030249315180364,
        -0.0005727957760406355,
        -0.0011035036900546302,
        -0.0010647114205890595,
        0.0001912231212373161,
        -0.0007437379190660121,
        0.0009044910100760584,
        -0.0012450505905758913,
        -0.0002875678358003064,
        -0.0008149103598755758,
        -0.0006070166159120038,
        -0.0013346569093346528,
        -0.0012200180744545985,
        0.0005265428411901363,
        0.000754246472198794,
        0.0007126892535043172,
        -0.0019773868523800253,
        -0.0008348478896378353,
        -0.0003970301987035185,
        -0.00022218170612187116,
        0.0003192978943001856,
        -0.0022035092769923104,
        -0.00005145966860609086,
        -0.000523498046327342,
        -0.0010554601905747862,
        -0.00043351474616448726,
        0.0005818731762237128,
        0.0005978119369357549,
        0.000050832089839691896,
        -0.0003113030992547561,
        0.0016381144332459074,
        -0.00041615267968753145,
        0.0013445724690045457,
        0.0007116594106559848,
        0.001750950808183438,
        -0.0011036751363633357,
        0.0016690293689761715,
        0.002540850294031949,
        0.001986219131028477,
        0.0018483749489306422,
        0.0009228098631535175,
        0.00031190398189751,
        0.00013411718143752083,
        0.0008515540734507221,
        -0.0003843341122879984,
        -0.0005470986841338288,
        0.0013750439805699788,
        -0.0009733770013009568,
        0.0011283786449327593,
        0.0016374455365800733,
        0.0017460541813156816,
        0.0011611332130928576,
        -8.713211608446514e-6,
        0.00034456587315567777,
        -0.0013371308791898517,
        0.0030945929186793064,
