uncertainty_type	n_tips	n_covered	coverage	expected	binom_2.5%	binom_97.5%
month	13058	12430	0.9519068770102619	0.950	0.9462398529637004	0.953668249349058
year	4329	4085	0.9436359436359436	0.950	0.9434049434049434	0.9563409563409564
