{
  "chain_results": [
    {
      "num_samples": 530,
      "burn_in_samples": 159,
      "d_ij": null,
      "rho_s": [
        1.0,
        0.01505347585904715,
        0.007148978012415763,
        0.0030568584675755295,
        0.002643171816457235,
        0.0010336209556869314,
        0.001627651496432625,
        0.001370063908196606,
        0.0014771454506042891,
        0.0007059799145142653,
        0.001568944714730347,
        0.0006607691476644417,
        0.0008019397836320774,
        -0.00018643232898840623,
        0.0014836606663481966,
        0.0002644052603176794,
        -0.0008725061252501387,
        0.0007987317341315858,
        -0.0002297679492626603,
        0.0000485857975210946,
        -0.0009509674726715378,
        -0.00013630014057741668,
        0.0001977326905964194,
        -0.0000721197860868994,
        -0.00044378766623687227,
        0.0006922362866278453,
        0.0006851991512621947,
        -0.0005404273623319522,
        0.001468569379108886,
        0.0010521238544107803,
        -0.00035624488818930544,
        0.0003685057151189275,
        -3.761278779546018e-7,
        -0.0002589502674190669,
        0.0005169977855324914,
        0.00126282465745442,
        -0.00042592837150445817,
        -0.00003591682080505976,
        -0.0010412118631459855,
        -0.0002553798774256322,
        -0.0008157845535097241,
        -0.0003480075210984257,
        0.0010668012132605265,
        0.0006626875834334633,
        -0.000025678723954758453,
        -0.0003284955652027577,
        -0.0008697852865684474,
        0.00018375632347622517,
        0.0006338298941704901,
        -0.00008172172935050348,
        -0.00010862047473647607,
        0.0005732173814285701,
        -0.0007731149055683062,
        -0.0003965457103860537,
        0.0008880339393420034,
        -0.00023434983240466778,
        -0.00043909257129493007,
        -0.0006981897515705437,
        -0.0011394145816301382,
        0.0004345436428142557,
        0.0002675492715721317,
        -0.002067743834224478,
        0.00015005702664483422,
        -0.00014662799342524124,
        0.0010435651300598758,
        -0.0013941318756709453,
        0.0006870549279524019,
        0.0004168432730555782,
        0.0005992775166970832,
        0.0003752687787345055,
        0.0010719450911191863,
        -0.0008108804823789839,
        -0.00006592365872037931,
        0.00026474955156097213,
        0.00008665479266734,
        -0.0013786076481800968,
        -0.00036147364373873003,
        0.000439756142315173,
        -0.00013322365330203922,
        -0.0012399791695669737,
        -0.000060369572234764135,
        -0.00018291125734770652,
        -0.0010219828641284678,
        -0.0006828902830953165,
        -0.00018454415117186151,
        -0.000027206837670323836,
        -0.000018833170218890416,
        -0.0001394205844020835,
        0.0001362902385746434,
        0.00001211374860776715,
        -0.0001677207076764553,
        -0.0006743908383430863,
        -0.0008655544401778847,
        0.0005253936045863661,
        -0.0007090091515935537,
        -0.0003851823151290734,
        0.0011465742003404777,
        0.00036049215449573957,
        0.00003334826346867992,
        -7.631601533164556e-6,
        -0.00111403637825358,
        0.001759090520740414,
        0.0014017852437021583,
        0.0010343768591769553,
        -0.0005628071583565486,
        0.00011420632029957023,
        -0.0002507753264902046,
        0.0010464514016058635,
        0.001117137826239345,
        -0.0009517407319348248,
        0.0007510370402517008,
        0.0014444400205754215,
        -0.0005448605167819309,
        -0.00019951638238469016,
        -0.0002780931903914041,
        0.0005183154126880973,
        0.00010591252622371705,
        0.00012910278117717056,
        0.00020964201928663773,
        0.001123761885855612,
        -0.0006887396794204026,
        -0.0004137544015978545,
        -0.0010603918062388473,
        0.0006018583626149487,
        -0.00020319427908543908,
        -0.0010825275108301557,
        -0.0006345163821905864,
        -0.000444180881976175,
        0.00026941589839168945,
        -0.0009659891206861282,
        0.0011450448412522185,
        -0.00004041940285626211,
        0.0006636503301670205,
        -0.00039214836548717713,
        0.0011797103108062146,
        0.0005993111724043043,
        -0.0012548919918231594,
        0.00003839297129371033,
        0.0005716246360265576,
        0.0005016028094988467,
        0.0005156627417758353,
        -0.0012643469113673422,
        -8.930389711059306e-6,
        -0.00023910097828316879,
        -0.0006936419046583708,
        0.000742000050893421,
        -0.0005405462103869052,
        -0.00023145808232727383,
        -0.0006915938824467727,
        0.00039576101415295106,
        0.0022721051389666957,
        0.0017576450846934488,
        0.0014986535144329016,
        -0.0002970309104888269,
        0.0006321473105296294,
        0.0004866921030776128,
        -0.000418135526908614,
        0.0005350559682953948,
        0.00025450309065355725,
        0.001963840379589632,
        0.0006700431140532759,
        0.00034160806542771205,
        0.0006897745574533376,
        0.00050267960865924,
        -0.0005102915892098991,
        -0.0016947270040887918,
        -0.00016991482139872005,
        -0.0009110947128307956,
        0.00002622970767118815,
        0.0005540347263121026,
        -0.0002194010031557614,
        9.655586460377563e-6,
        0.00011980043912873661,
        0.0006235204680906659,
        0.0020020674717259324,
        0.0004712434632256901,
        0.00006500309004420224,
        0.0003949792517902173,
        -0.000569490910783621,
        -0.002309706278618151,
        -0.0009397429489579334,
        0.000583582621848211,
        -0.0004454367520354552,
        0.0012436550504104638,
        -0.0006446527463486174,
        0.00016950010842931018,
        -0.0006103135075934407,
        0.0007776726224870689,
        0.0005745387349613829,
        0.0015652323227262066,
        0.0005100725263273986,
        0.0002450408444275576,
        -0.00038374631057491726,
        -0.0003827291383480258,
        -0.0011242020161164046,
        0.0016869306917209892,
        0.001008575092889652,
        -0.0004997006241633795,
        0.000031401011592602224,
        -0.0010940429488810466,
        -0.0011619597670942117,
        -0.00045916476069529644,
        -0.0008134434883650954,
        0.00019080219580891455,
        -0.0014137138907692748,
        -0.002960544131692,
        -0.0006204884630809371,
        0.0009222259217609441,
        0.0002092948912876258,
        0.00023480335962011711,
        0.0009360233474342561,
        0.0006001041868808343,
        -0.0006559082515258385,
        -0.0008361773377305592,
        -0.0011689489898547567,
        0.00022582027360529278,
        -0.000010953706399696728,
        0.00004750695353539225,
        -0.0011549376278494616,
        0.0005697544558386225,
        0.00010411978395075128,
        -0.00035642404921243376,
        0.00023937301855159188,
        0.0005959853998459552,
        -0.00203037145314644,
        -0.0006082140065832853,
        -0.0028849073631045385,
        -0.001493978775121807,
        -0.0006189697720642151,
        -0.0018643899829418054,
        -0.0005404139349869386,
        -0.001373827435835251,
        0.0011732185838653209,
        -0.0005773452913251376,
        0.00007497219371122021,
        -0.0010204000494391519,
        -0.0007908281066135725,
        -0.0006542296549476578,
        -0.0006630971689718379,
        -0.0015946681917271555,
        -0.001152238846732434,
        -0.002643432907510679,
        -0.0012640394452769765,
        -0.0020084927646819573,
        -0.0004147186083554022,
        0.0002471357112238115,
        0.0014947421740061362,
        -0.0010563568526682499,
        -0.0012937801660635184,
