uncertainty_type	n_tips	n_covered	coverage	expected	binom_2.5%	binom_97.5%
month	12131	11487	0.9469128678592037	0.950	0.9460885335091913	0.9538372763993076
year	4035	3813	0.9449814126394052	0.950	0.9432465923172243	0.9566294919454771
