uncertainty_type	n_tips	n_covered	coverage	expected	binom_2.5%	binom_97.5%
month	13419	12716	0.9476115954989195	0.950	0.9462702138758476	0.9536478128027424
year	0	0	nan	0.950	nan	nan
