{
  "chain_results": [
    {
      "num_samples": 371,
      "burn_in_samples": 111,
      "d_ij": null,
      "rho_s": [
        1.0,
        0.01448124125874406,
        0.007398068854995721,
        0.004738398799969956,
        0.0033648753632207207,
        0.0031807746654753943,
        0.0011994593494524253,
        0.0010175202726181443,
        0.0002628016470099803,
        0.0006457360157268166,
        0.0005821942258449342,
        -0.00011232895980706203,
        -0.0000340569603383134,
        0.0013543343981361478,
        0.00023290140550380478,
        0.00046153787829550375,
        -0.000904347636659697,
        0.00004826532077339962,
        -0.0009702368166961683,
        0.00017414188242992346,
        -0.00007262143390773801,
        -0.00007128969026815035,
        -0.0003047235208291088,
        -0.00024691658886455414,
        -0.000371368208392564,
        -0.0010887026842545389,
        -0.0007846551655517064,
        -0.00022856639399471135,
        -0.00046818208275012374,
        -0.0005074221815541957,
        -0.0009485513706386506,
        -0.00027852218992707733,
        -0.0006569675124219465,
        0.0009125970085792634,
        0.001172700577344088,
        -0.0007235571254280426,
        -0.0001775018752632196,
        -0.0014125999116070265,
        -0.0005242365385116354,
        -0.00027624887754074123,
        -0.0005263154681853788,
        1.8078033557911155e-6,
        -0.001534455146430913,
        -0.0009967971631625883,
        0.0004767672984296034,
        0.00012153198685549427,
        -0.00014688472634749594,
        -0.00006811438622955635,
        -0.00044869801167313206,
        0.00038541685070170306,
        -0.00034863961540843036,
        -0.001260936702448312,
        0.00023617156287214502,
        -0.0006145120260716563,
        -0.00003169039748707192,
        0.0012911572874397814,
        0.0019399616371955641,
        0.00033392716000091305,
        0.0006831182861600782,
        0.0009688668971565839,
        0.0002145627348958401,
        -0.0006916235925289449,
        -0.00044592971269286075,
        -0.0015751191689159505,
        -0.0013770935931067818,
        -0.0004202573930669473,
        -0.001497738483208222,
        -0.0022252832912101894,
        -0.0019351650378722773,
        -0.0015405380462183427,
        -0.00306396129682307,
        -0.00018242734940998595,
        -0.0018346528321677713,
        -0.0005575737767486988,
        -0.0007961667544329476,
        0.0006719965139820872,
        0.0006644338792312077,
        -0.001195080065391263,
        -0.0007644341199430915,
        -0.00013223254669725293,
        -0.00004191349432214331,
        0.0002202740772262457,
        -0.00042475900416438783,
        -0.0002498941842210556,
        -0.0017100477431652994,
        0.00031573444764476655,
        0.0006556190062908529,
        0.001411489831868229,
        0.00014797783525921648,
        -0.0005889543679071796,
        0.0007977767742272102,
        -0.00044316014341028165,
        0.0007110515792115857,
        0.0015480460298021859,
        -0.0011294101974335113,
        -0.00016932579725636998,
        0.002960142512367425,
        -0.00008054325567097287,
        -0.0002884721712492766,
        -0.0014192299166733147,
        -0.00021746631062335986,
        -0.0008957754109828464,
        0.0003102032249786557,
        0.0004951252250049443,
        0.0008219554159569764,
        0.002143967326753371,
        -0.0001854116521462501,
        -0.0012031284368152484,
        -0.0008224854213225719,
        -0.00021659646285288048,
        -0.001629832312053603,
        -0.00022912607587444178,
        -0.0011069553880429517,
        -0.0007036759383778346,
        -0.000671477674585752,
        0.000054896134182524925,
        0.000045464781176840496,
        0.00017173151456262303,
        -0.0012488613667152038,
        -0.001924651924714027,
        -0.0005690652957817122,
        -0.0009551827900353693,
        -0.0013356476375563364,
        0.0005409416024021452,
        -0.0007394666012678908,
        -0.0003784041984753461,
        0.000867543365764778,
        0.00034000607305273434,
        -0.00037451069843874585,
        -0.0023597246862188115,
        -0.0001483704691942478,
        0.002605736893764754,
        -0.0005447182713900212,
        -0.0014661236645905351,
        -0.0006985972228403803,
        0.00043396202380652227,
        0.001451461484204608,
        0.0017760374565698456,
        -0.0009311240223490724,
        -0.0010474761032390756,
        0.0006932078706489708,
        0.0006892550143613452,
        0.0014894985437857722,
        0.0009448757791384876,
        0.0015023240604715715,
        -0.0005709754929459354,
        -0.00005136657898474617,
        0.0008123277101558246,
        -0.0014186862650333865,
        -0.00016939555463468814,
        -0.0007595013839658549,
        0.0003196711739469338,
        -0.00035352917519460014,
        -0.0018083898565168788,
        0.0006369008643766216,
        -0.0012353645346314668,
        -0.0017040063310549414,
        -0.00025084406356867817,
        -0.0018609240031972618,
        -0.0001431731752861154,
        0.0006673757894175569,
        0.00004492996013572004,
        -0.0005571870917728816,
        -0.0009178331195454081,
        -0.0005569662409392606,
        -0.0006126939163617617,
        -0.0038982356860444156,
        -0.002462473507722329,
        0.000035405088881557134,
        -0.0010828400763247537,
        -0.0026325615962012883,
        -0.0017463181951553608,
        -0.003564340203513927,
        -0.00235400787195994,
        0.00158501176935677,
        0.0012359365787992793,
        -0.0006836333735593669,
        -0.001369915781312736,
        0.0011739558447887433,
        -0.0006187210519508213,
        0.000011363936048947032,
        0.0005271849755783542,
        -0.00016039346438456725,
        -0.00008993767252141183,
        -0.0008456898679840563,
        0.00046732660984549756,
        -0.002442523168745714,
        -0.0007015183565854954,
        -0.0005897600468540709,
        -0.001906985298457009,
        -0.0029051337833172486,
        -0.0008844158105802968,
        0.0018980018671408416,
        -0.0024496901544857064,
        -0.0009241387738141427,
        0.0015929278072942532,
        -0.0009969387574801925,
        -0.0035215110624668977,
        -0.0018539653269993295,
        -0.0006946181728164635,
        -0.0021733443912290706,
        -0.0006160961020618139,
        -6.434986632442019e-7,
        0.00024889518047399584,
        0.0008761120945071088,
        -0.0008170854465789912,
        -0.0022808054092695595,
        -0.0016685497601218735,
        -0.0019301830549203203,
        0.0008826261661288859,
        -0.0034583783096677756,
        -0.0014755456701327496,
        -0.0000874695784645052,
        -0.0009834495204632532,
        0.000029984907062519106,
        -0.00305127036508801,
        -0.002895424649081768,
        0.00043192258853963494,
        0.001342246940561509,
        -0.00047241128198871607,
        0.0011435895706615185,
        0.002007861226916874,
        0.0008320469912624917,
        0.0019424694676650756,
        -0.0012499556510909837,
        -0.0007151647119962856,
        -0.003251385116677108,
        0.00023443463248074004,
        -0.0003501505265479654,
        -0.0003604060844610846,
        0.0006164327195341546,
        -0.003154468415546452,
        0.0007974584669244722,
        0.004656915845851151,
        0.003679682287748509,
        0.003945359157975781,
        0.0062503403546729785,
        0.0019505366130173618,
        0.0004357724212021852,
        -0.0023793300412069396,
        -0.003162923774539861,
        0.0026657206789537646,
        0.0027432900985376873,
        0.0023670588669111314,
        0.00752783362419962,
        -0.00461628445467932,
        0.0009949711780996573,
        0.003770337655303657,
        0.004870649885835188,
