uncertainty_type	n_tips	n_covered	coverage	expected	binom_2.5%	binom_97.5%
month	5464	5139	0.9405197657393851	0.950	0.9441800878477306	0.955710102489019
year	1911	1799	0.9413919413919414	0.950	0.9398220826792255	0.9597069597069597
